dim,k,p,scale,L_reg,eigen_error,orth_error,eigen_cost,eigenvalue_mse,eigenfunc_mse
2.0,6.0,50.0,0.1,1e-06,28085.54497949981,0.0001193964214009904,13068971.30924213,12965.23138310686,10.179082783782551
2.0,6.0,50.0,0.12742749857031338,1e-06,10334.54740458998,0.00013413508691671662,7845593.0943819415,4528.936053003634,9.894689686752656
2.0,6.0,50.0,0.16237767391887217,1e-06,4476.150440282998,9.789721746211204e-05,4428782.505626723,1351.782302126396,8.928571624725357
2.0,6.0,50.0,0.20691380811147897,1e-06,1425.126403976034,6.021275607893101e-05,2343422.1440146603,313.17938332178244,7.994252270748326
2.0,6.0,50.0,0.26366508987303583,1e-06,420.13727572702743,4.46161396593308e-05,1353595.631255467,78.30575296003141,5.088286329377059
2.0,6.0,50.0,0.33598182862837817,1e-06,122.80975816380098,2.5846611127056132e-05,888593.28243136,23.027679281593603,3.703423634835779
2.0,6.0,50.0,0.42813323987193935,1e-06,40.645477610245436,3.0468746311289302e-05,686209.3521947674,8.513390293436782,2.897340510273253
2.0,6.0,50.0,0.5455594781168519,1e-06,19.411278472116354,3.145745390983341e-05,571995.8642855395,3.296561759272158,2.0075146747133124
2.0,6.0,50.0,0.6951927961775606,1e-06,9.356109947033591,8.208982911719224e-05,492407.2731122802,1.0341958382365932,1.2379358461338308
2.0,6.0,50.0,0.8858667904100825,1e-06,4.090070162645771,0.00010674397047941251,446183.4226674143,0.256303624756799,0.78693071925974
2.0,6.0,50.0,1.1288378916846888,1e-06,,,,,
2.0,6.0,50.0,1.438449888287663,1e-06,0.8087779449069719,0.00011404767527632767,413667.36852959206,0.02770975518724645,0.46659099958358363
2.0,6.0,50.0,1.8329807108324356,1e-06,0.3727884322202949,0.00011182539423087063,407397.7543794764,0.009339204858414165,0.4079523951545498
2.0,6.0,50.0,2.3357214690901213,1e-06,0.2475726577822821,0.00012906252142320926,407184.910902624,0.011993400774240484,0.41741591994113636
2.0,6.0,50.0,2.9763514416313175,1e-06,0.21232852373732006,0.00011262119089838967,406553.33692345297,0.0078311696751395,0.41322033731215513
2.0,6.0,50.0,3.79269019073225,1e-06,0.12203683888206682,0.00011971043551389387,404557.8861387256,0.003952806182228527,0.38518131574426095
2.0,6.0,50.0,4.832930238571752,1e-06,0.06766895760724996,0.00012682549617783372,403816.88603708,0.003878311487589171,0.3671501123249219
2.0,6.0,50.0,6.158482110660261,1e-06,0.05098247168408956,0.00015842189320483625,403424.3470375264,0.020131022540616272,0.35719333598696434
2.0,6.0,50.0,7.847599703514611,1e-06,0.6774247417410231,0.00016866225846211524,403079.1122522813,0.6629104124808797,0.350951253474738
2.0,6.0,50.0,10.0,1e-06,28.460870920403146,0.00017211642820347557,402933.81794462027,28.399534661890883,0.3478037612591138
2.0,6.0,60.0,0.1,1e-06,29026.786033955847,0.00013474220218928992,12824930.897369124,12403.982562291361,10.163757206312173
2.0,6.0,60.0,0.12742749857031338,1e-06,10375.473160912597,0.00014752552498122263,7491673.85763552,4032.909678447538,9.97161071715522
2.0,6.0,60.0,0.16237767391887217,1e-06,4212.075754627558,8.801979496081981e-05,4084763.542268871,1124.8269462089954,9.103468611519519
2.0,6.0,60.0,0.20691380811147897,1e-06,1410.9174989440235,5.04275044499114e-05,2088183.619437436,236.19499202252135,6.276051545813722
2.0,6.0,60.0,0.26366508987303583,1e-06,358.8919193052586,2.6551783380182115e-05,1131096.2305116937,46.28275135149724,4.5607807295287275
2.0,6.0,60.0,0.33598182862837817,1e-06,82.51273275177367,2.789750139564534e-05,790598.7142641301,14.996167249845163,3.565187406071779
2.0,6.0,60.0,0.42813323987193935,1e-06,34.954185416247114,3.053306200652822e-05,645108.3959730197,6.305717921598516,2.5877620292182155
2.0,6.0,60.0,0.5455594781168519,1e-06,17.686385941710125,3.3602194164428684e-05,542771.1061916981,2.277888560775558,1.6430200278708322
2.0,6.0,60.0,0.6951927961775606,1e-06,7.802907359542765,5.2571464631418154e-05,472154.16615016555,0.6088658348906351,1.008878462138217
2.0,6.0,60.0,0.8858667904100825,1e-06,3.215046792607237,6.759700284154286e-05,437082.80293047323,0.16877878859219447,0.6910507434819069
2.0,6.0,60.0,1.1288378916846888,1e-06,1.317503078528091,8.07379188665704e-05,418121.8264106336,0.04429259825929102,0.5046450928519784
2.0,6.0,60.0,1.438449888287663,1e-06,0.6423781604245367,9.688498111452844e-05,411335.52308259904,0.02007310605230599,0.4407969561664572
2.0,6.0,60.0,1.8329807108324356,1e-06,0.33317264401393426,0.00011525686318415716,406741.56915965985,0.007185916914157175,0.39659575595635677
2.0,6.0,60.0,2.3357214690901213,1e-06,0.15759856464594835,0.00012028570828810679,405190.65668699384,0.00654500735537957,0.3847115712990288
2.0,6.0,60.0,2.9763514416313175,1e-06,0.18469082650513427,0.00011641895236045408,405970.8194279987,0.007143030187046482,0.40463639571485144
2.0,6.0,60.0,3.79269019073225,1e-06,0.1113234203790267,0.00012201893232071211,404344.87431011366,0.003804224808580979,0.3824830788352498
2.0,6.0,60.0,4.832930238571752,1e-06,0.06385811892659524,0.00012511884726962533,403736.5167064816,0.003514805518649039,0.36604793037330224
2.0,6.0,60.0,6.158482110660261,1e-06,0.04066589788893154,0.00012070463345535921,403425.76188543637,0.009361556166087578,0.3572740633489915
2.0,6.0,60.0,7.847599703514611,1e-06,0.2228863223325951,0.00013822636758711618,403083.97511772695,0.20731803232715063,0.35114546374290945
2.0,6.0,60.0,10.0,1e-06,8.402802713696357,0.00014902445171147228,402935.97614715854,8.330033266920665,0.34793305269495267
2.0,6.0,70.0,0.1,1e-06,30553.147201650103,0.00011714775830120915,11823683.43699268,10436.50305452539,10.231761537241221
2.0,6.0,70.0,0.12742749857031338,1e-06,9725.932323104646,0.0001336315919988364,6226202.316690432,2767.9499633083356,9.180127093351324
2.0,6.0,70.0,0.16237767391887217,1e-06,3200.6000682385456,9.694493782434695e-05,3455371.3564723786,771.1236290200972,7.826489288088668
2.0,6.0,70.0,0.20691380811147897,1e-06,1208.6017088243625,5.3114558955309555e-05,1879195.8136297907,181.95228363619754,5.731862769193115
2.0,6.0,70.0,0.26366508987303583,1e-06,315.1693114055109,2.7950826871865064e-05,1039595.1093939386,35.75107598662055,4.149311888328926
2.0,6.0,70.0,0.33598182862837817,1e-06,71.37479776265388,2.6100013160397398e-05,745458.88369776,11.837679447112516,3.2642570188310676
2.0,6.0,70.0,0.42813323987193935,1e-06,31.8788330811443,2.8981423684698144e-05,615825.8942306901,4.956960498321305,2.319355609219693
2.0,6.0,70.0,0.5455594781168519,1e-06,15.537997240749508,3.8276349899924326e-05,525703.2059276713,1.7923125271633569,1.4718720117627102
2.0,6.0,70.0,0.6951927961775606,1e-06,7.048555949801054,5.149413119456669e-05,463683.63404462795,0.4710503434738479,0.9144885957716641
2.0,6.0,70.0,0.8858667904100825,1e-06,2.8045041149353622,7.789160584327455e-05,432682.9166137724,0.1379063975403536,0.6430947405353317
2.0,6.0,70.0,1.1288378916846888,1e-06,1.2572513873704287,8.594592113090093e-05,417104.38797614264,0.03908376399708799,0.49158439447109414
2.0,6.0,70.0,1.438449888287663,1e-06,0.6095009105008491,9.893016919564101e-05,410891.7574807495,0.018952948647789958,0.4354019056896353
2.0,6.0,70.0,1.8329807108324356,1e-06,0.3267513601560512,0.00011696094275789492,406627.66209372034,0.006897966699586845,0.39470244155457335
2.0,6.0,70.0,2.3357214690901213,1e-06,0.15256744554471496,0.00012122166503737543,405078.4490825612,0.006151208298006366,0.3826542395321352
2.0,6.0,70.0,2.9763514416313175,1e-06,0.18075030070275083,0.0001163505033949807,405887.73820018687,0.006994112859046249,0.40352626525458757
2.0,6.0,70.0,3.79269019073225,1e-06,0.11113548875976156,0.0001229931836283927,404307.55261683476,0.0037518626422555715,0.3825762621299563
2.0,6.0,70.0,4.832930238571752,1e-06,0.0629630447279777,0.00012622478532666142,403657.5684617304,0.0033485874225256357,0.3655193845182456
2.0,6.0,70.0,6.158482110660261,1e-06,0.03914423422205158,0.00012333363016732383,403379.2857978438,0.00822379132644493,0.3567872643856328
2.0,6.0,70.0,7.847599703514611,1e-06,0.18906575794928238,0.00014476539332318632,403060.90281661897,0.17391778834224772,0.3509336549695311
2.0,6.0,70.0,10.0,1e-06,7.055933177754289,0.00015533482839619276,402923.52061232645,6.9956027802197465,0.3478401489331514
2.0,6.0,80.0,0.1,1e-06,29921.08758229259,0.00011715139358841569,11542934.421554938,9938.371257059764,10.497571206418561
2.0,6.0,80.0,0.12742749857031338,1e-06,9990.260256934847,0.00010107566166344595,6004511.522299577,2546.3378530180016,9.294156766600892
2.0,6.0,80.0,0.16237767391887217,1e-06,3286.828448524522,7.535381519565461e-05,3128377.274055932,609.2872008912689,7.5806419140165815
2.0,6.0,80.0,0.20691380811147897,1e-06,1031.7132072858387,3.583176386664499e-05,1604227.6199589581,121.99155553912408,5.383237688196798
2.0,6.0,80.0,0.26366508987303583,1e-06,234.32820644592695,2.6152238478393154e-05,943273.2427141259,26.78609682133498,3.900440769647962
2.0,6.0,80.0,0.33598182862837817,1e-06,64.3515579728884,2.4039001170611667e-05,712806.3823516797,9.938687570409684,2.950814594336024
2.0,6.0,80.0,0.42813323987193935,1e-06,30.380447313743026,2.1525961582554787e-05,591389.5603154759,3.89101198691316,2.045595492775712
2.0,6.0,80.0,0.5455594781168519,1e-06,13.30535283182149,3.225990090506486e-05,509978.8854536301,1.3362131287366088,1.3600361940882855
2.0,6.0,80.0,0.6951927961775606,1e-06,6.363335982682782,4.847961471420148e-05,459643.5074455759,0.40092141629500166,0.8909903686811194
2.0,6.0,80.0,0.8858667904100825,1e-06,2.633551598953674,6.703236967646566e-05,431060.0069583399,0.1263081848678805,0.6276980829937875
2.0,6.0,80.0,1.1288378916846888,1e-06,1.20006806258305,9.08643395093382e-05,416089.8718815403,0.03394401100336667,0.48009278325755
2.0,6.0,80.0,1.438449888287663,1e-06,0.5748347019620069,0.00010119978022616282,410367.3051610331,0.01718714361264699,0.43019853102943406
2.0,6.0,80.0,1.8329807108324356,1e-06,0.316339374286038,0.00011787735951271893,406483.2307126261,0.006557859029591359,0.3928825441180593
2.0,6.0,80.0,2.3357214690901213,1e-06,0.1469499124616394,0.00012205138969902076,404944.06370326725,0.005804363805556684,0.3807856387494749
2.0,6.0,80.0,2.9763514416313175,1e-06,0.17325742205204203,0.0001165854617656369,405728.6398517427,0.006706617032323344,0.40115654847016224
2.0,6.0,80.0,3.79269019073225,1e-06,0.10975370540977629,0.00012307047280095515,404264.97496222,0.0036880464657181003,0.3822731860358362
2.0,6.0,80.0,4.832930238571752,1e-06,0.062161735463238235,0.000125986670590987,403642.5864703988,0.003228104631538614,0.3652658066029866
2.0,6.0,80.0,6.158482110660261,1e-06,0.03772990341516135,0.00012556992389852384,403380.2865372399,0.0068890336238273476,0.35674206657526025
2.0,6.0,80.0,7.847599703514611,1e-06,0.14540560472505903,0.00014953411565677856,403062.0443882628,0.13060512875767907,0.3509284672092669
2.0,6.0,80.0,10.0,1e-06,5.268612560965596,0.00016003214010760686,402924.0914787223,5.222275387645177,0.34784323976657816
2.0,6.0,90.0,0.1,1e-06,28848.03465901245,0.0001026212992204881,11160509.459614513,9199.999321460258,10.165668616219396
2.0,6.0,90.0,0.12742749857031338,1e-06,9827.890138231813,0.0001035074469762617,5709256.806729889,2289.0268939783427,9.022081557570564
2.0,6.0,90.0,0.16237767391887217,1e-06,3262.4315833289447,6.790058760752995e-05,2868713.2279551774,501.68344501003486,7.2634724910925605
2.0,6.0,90.0,0.20691380811147897,1e-06,915.1873357363297,3.840188418573815e-05,1408443.275314269,87.07742318607077,5.073817595549604
2.0,6.0,90.0,0.26366508987303583,1e-06,184.09536201068437,2.670700562347373e-05,863297.3532070303,20.39973856915647,3.5648672346194594
2.0,6.0,90.0,0.33598182862837817,1e-06,55.92494793963979,2.264484223641664e-05,676980.4615397081,7.820431917140018,2.6842541332850725
2.0,6.0,90.0,0.42813323987193935,1e-06,26.50107107620944,2.2119897532348708e-05,573282.2053302783,3.204448778757997,1.8925939699952674
2.0,6.0,90.0,0.5455594781168519,1e-06,12.310321089171726,3.839755550894678e-05,502443.1594784864,1.169372634200579,1.2960223087200147
2.0,6.0,90.0,0.6951927961775606,1e-06,5.994435192851239,5.3395361521471904e-05,456512.34079382394,0.3724324199271123,0.8651964719289966
2.0,6.0,90.0,0.8858667904100825,1e-06,2.5500303564429885,6.831084986866663e-05,429634.8799158451,0.11532808927859281,0.6116689363802654
2.0,6.0,90.0,1.1288378916846888,1e-06,1.1440978793495307,8.985177299692492e-05,415337.9518904624,0.030934876210616143,0.4717611299472297
2.0,6.0,90.0,1.438449888287663,1e-06,0.5396428339543214,0.0001016916638810508,409815.9532553272,0.015750113130931068,0.4252563450656284
2.0,6.0,90.0,1.8329807108324356,1e-06,0.3082710876068405,0.00011829695385350064,406341.4463790011,0.006272956559970747,0.39154686391161075
2.0,6.0,90.0,2.3357214690901213,1e-06,0.13835435170354998,0.00012427753793453186,404699.6243540864,0.005269470493438605,0.3781506363862214
2.0,6.0,90.0,2.9763514416313175,1e-06,0.1680397638488014,0.00011713453233246119,405603.5812117405,0.006565955795574077,0.39983433822173586
2.0,6.0,90.0,3.79269019073225,1e-06,0.10879918111718051,0.0001238035826519399,404211.3835481019,0.003675783342648183,0.3826304605137436
2.0,6.0,90.0,4.832930238571752,1e-06,0.06120836582771231,0.00012641156698808264,403590.80692183215,0.003131040861836526,0.3650638451384597
2.0,6.0,90.0,6.158482110660261,1e-06,0.036762082029949225,0.00012641644676767818,403357.69216578995,0.00618780525540755,0.35644006774186265
2.0,6.0,90.0,7.847599703514611,1e-06,0.12298864606034465,0.00015427245368554687,403051.9039479352,0.10840098545737524,0.3507838847379162
2.0,6.0,90.0,10.0,1e-06,4.352233532181982,0.00016446169648170965,402918.6344748287,4.311636520709486,0.3477721327704157
2.0,6.0,100.0,0.1,1e-06,25964.89920032698,8.369637088995494e-05,9782412.901679832,7032.034263225087,10.179101418045093
2.0,6.0,100.0,0.12742749857031338,1e-06,8272.527717835726,7.767676673084612e-05,5110541.80639339,1768.0555432627455,8.79598643328249
2.0,6.0,100.0,0.16237767391887217,1e-06,2940.941938485182,5.1281096684781653e-05,2649857.675038074,411.89839283090447,6.541239827928506
2.0,6.0,100.0,0.20691380811147897,1e-06,807.4274113459577,3.145841986084419e-05,1331905.7754952102,74.39181024864675,4.747474743968875
2.0,6.0,100.0,0.26366508987303583,1e-06,168.68056969322623,2.4001671394813097e-05,849799.9834025328,19.2654814304167,3.646667850388333
2.0,6.0,100.0,0.33598182862837817,1e-06,55.77174210105362,2.136444958078754e-05,671949.8626278216,7.552058745043121,2.6448646158850755
2.0,6.0,100.0,0.42813323987193935,1e-06,25.89522516492421,2.1893197351241152e-05,569267.9810269515,3.072190996636615,1.8595476146199914
2.0,6.0,100.0,0.5455594781168519,1e-06,12.063859300352393,3.726737366300268e-05,500115.943059048,1.1205507026494064,1.2724630283958405
2.0,6.0,100.0,0.6951927961775606,1e-06,,,,,
2.0,6.0,100.0,0.8858667904100825,1e-06,2.5053229648333875,6.792773732046593e-05,429154.23527600593,0.11207709629456747,0.6061138785981585
2.0,6.0,100.0,1.1288378916846888,1e-06,1.1403610955430237,9.069478581754115e-05,415175.5903390272,0.030259402238610195,0.46983384170859166
2.0,6.0,100.0,1.438449888287663,1e-06,0.5257547640666876,0.00010353266816370523,409577.52490560035,0.015188696915969514,0.4225699738018715
2.0,6.0,100.0,1.8329807108324356,1e-06,0.3054567602119993,0.0001186679927273115,406287.6041595883,0.006201593537087276,0.39103704468394185
2.0,6.0,100.0,2.3357214690901213,1e-06,0.1366189643929216,0.0001249525034602048,404643.22825054335,0.00512222813046671,0.37734880565315604
2.0,6.0,100.0,2.9763514416313175,1e-06,0.16501904066289383,0.00011764710551250239,405532.3920639988,0.006484853791285623,0.39897766961853876
2.0,6.0,100.0,3.79269019073225,1e-06,0.10860097258310278,0.00012405706143831394,404198.8148791793,0.00366851101580323,0.3826624611294116
2.0,6.0,100.0,4.832930238571752,1e-06,0.060911864302286615,0.00012660602962580124,403572.0148113045,0.0030909608095132427,0.3650133093584366
2.0,6.0,100.0,6.158482110660261,1e-06,0.036373745847111616,0.00012666701171166128,403345.4448454519,0.005814877752738264,0.3564194578055314
2.0,6.0,100.0,7.847599703514611,1e-06,0.11132293842006484,0.00014917550682348174,403044.6412590781,0.09678931371759511,0.35079186516975763
2.0,6.0,100.0,10.0,1e-06,3.873999390649842,0.0001612054968785156,402914.10944847076,3.836816891103033,0.3477876161266449
2.0,6.0,110.0,0.1,1e-06,25220.259169693396,8.013507784744944e-05,9103057.374152524,6158.700815599569,10.223352476780516
2.0,6.0,110.0,0.12742749857031338,1e-06,7637.0127576153745,6.855316173192112e-05,4739535.702938582,1510.299659753805,9.130911477348425
2.0,6.0,110.0,0.16237767391887217,1e-06,2677.992560748783,5.8980801290564826e-05,2458378.8587033767,348.37602836806013,7.294790119938113
2.0,6.0,110.0,0.20691380811147897,1e-06,718.7899041613683,2.822045172728447e-05,1273732.2967401869,67.10572983849005,4.6750971420096
2.0,6.0,110.0,0.26366508987303583,1e-06,162.18878162755334,2.368818106000692e-05,837258.9796676843,18.335771098303734,3.707134975043876
2.0,6.0,110.0,0.33598182862837817,1e-06,57.19486398289004,2.4618988219185082e-05,659392.4694287118,6.83340732189095,2.4824916917688147
2.0,6.0,110.0,0.42813323987193935,1e-06,24.72353704833214,6.647577855906995e-05,555566.0423619319,2.5581420254369394,1.7025027567623754
2.0,6.0,110.0,0.5455594781168519,1e-06,11.604113991092483,7.401124312977046e-05,489787.14751763747,0.8870833118727333,1.1626564659348018
2.0,6.0,110.0,0.6951927961775606,1e-06,,,,,
2.0,6.0,110.0,0.8858667904100825,1e-06,2.255042845584036,0.00010130039672319264,425922.24938398215,0.08784968754790368,0.5784487921608961
2.0,6.0,110.0,1.1288378916846888,1e-06,1.0497966032747543,0.00010122010751670517,413830.3680716141,0.025527432694120875,0.4592792000101801
2.0,6.0,110.0,1.438449888287663,1e-06,0.45133847008147454,0.0001146368628261457,408340.87202954857,0.01203785912378798,0.4127992080560881
2.0,6.0,110.0,1.8329807108324356,1e-06,0.2817000360386445,0.00011962467793501224,405775.77848203725,0.0055206096672873505,0.38901784411644325
2.0,6.0,110.0,2.3357214690901213,1e-06,0.11686113557761676,0.0001275035721337189,404062.11437514366,0.004118918772619229,0.37354439930832717
2.0,6.0,110.0,2.9763514416313175,1e-06,0.14622853378659426,0.00011878070226545951,405078.9849337972,0.00583080603120502,0.39394993691766006
2.0,6.0,110.0,3.79269019073225,1e-06,0.10554360290204182,0.00012510913062585086,404083.07603358617,0.0035852067902742125,0.3828593704447631
2.0,6.0,110.0,4.832930238571752,1e-06,0.058333308970069386,0.00012757094784436474,403462.42815411347,0.002960195288481961,0.36453832915526724
2.0,6.0,110.0,6.158482110660261,1e-06,0.03487787326100941,0.0001273080254807088,403309.94000625215,0.004895357828915435,0.3560725217197001
2.0,6.0,110.0,7.847599703514611,1e-06,0.08077056073306932,0.00016892992874646234,403029.3271427299,0.06653564569672446,0.3506686830885474
2.0,6.0,110.0,10.0,1e-06,2.594326525109309,0.00017553614993087423,402906.2743214014,2.563272668813716,0.347774157903858
2.0,6.0,120.0,0.1,1e-06,25734.548508837008,6.822686953871362e-05,8602377.22228045,5388.891195858559,9.738672096600922
2.0,6.0,120.0,0.12742749857031338,1e-06,7149.079675139834,4.036109180994059e-05,4275023.883121439,1200.2769390797107,8.315450494017547
2.0,6.0,120.0,0.16237767391887217,1e-06,2317.500731269797,4.2769692061338e-05,2211861.9382850174,273.8159714151065,7.29605688335612
2.0,6.0,120.0,0.20691380811147897,1e-06,604.0354853933294,2.4327729855698826e-05,1214587.313670605,59.81695600406423,7.310872849868768
2.0,6.0,120.0,0.26366508987303583,1e-06,158.84776125897682,2.1970167207905465e-05,823541.0914066111,17.30546535795397,3.6720199726329055
2.0,6.0,120.0,0.33598182862837817,1e-06,56.41269774598398,2.2333455644156053e-05,649277.5359117626,6.3203087418352055,2.3846943693511102
2.0,6.0,120.0,0.42813323987193935,1e-06,24.441603823950885,3.252782911196463e-05,548485.5804008218,2.302913751955741,1.6400564929881263
2.0,6.0,120.0,0.5455594781168519,1e-06,11.06621655197716,3.928648609893965e-05,485194.0877057138,0.8055257892989798,1.1268811262872653
2.0,6.0,120.0,0.6951927961775606,1e-06,5.045752140839241,6.207860166939216e-05,446562.6164119082,0.2605556091135396,0.7781838595805369
2.0,6.0,120.0,0.8858667904100825,1e-06,2.1336270405489515,8.878082618638393e-05,424014.65225631173,0.07729614834427434,0.5645871828548142
2.0,6.0,120.0,1.1288378916846888,1e-06,1.0341507320933223,0.0001065195479558222,413239.00177528727,0.02395896590541241,0.45649999584905754
2.0,6.0,120.0,1.438449888287663,1e-06,0.42110156977953206,0.00011697938347550839,407803.4967827308,0.01104866755888544,0.40893462261869146
2.0,6.0,120.0,1.8329807108324356,1e-06,0.27811642321514274,0.00012231812494640717,405645.8684778758,0.0054291148624605245,0.38862802173933464
2.0,6.0,120.0,2.3357214690901213,1e-06,0.11345726344282184,0.00012978089282111372,403916.7298242984,0.0039033843419181836,0.37223750652231724
2.0,6.0,120.0,2.9763514416313175,1e-06,0.14030372319694237,0.00012045682513878666,404919.51425284945,0.005661432026660808,0.3925192839837363
2.0,6.0,120.0,3.79269019073225,1e-06,0.10516374506551907,0.000126108229862392,404050.4046916617,0.0035633859000259024,0.38290401978753263
2.0,6.0,120.0,4.832930238571752,1e-06,0.057654286793704296,0.00012817714692736761,403410.2266221875,0.002924267228666148,0.3644363512829747
2.0,6.0,120.0,6.158482110660261,1e-06,0.034582113316844625,0.00012714194153322334,403282.7506098676,0.00463503139832493,0.3560567883771341
2.0,6.0,120.0,7.847599703514611,1e-06,0.07199329369812706,0.0001339489098553109,403014.36042433063,0.05771462812714997,0.3506982370664542
2.0,6.0,120.0,10.0,1e-06,2.223214200362205,0.00015728022374843242,402897.1538871856,2.193337324539087,0.34782629524656095
2.0,6.0,130.0,0.1,1e-06,23296.37982979122,6.840559994813024e-05,8124842.600917779,4846.217798461633,9.524420709483152
2.0,6.0,130.0,0.12742749857031338,1e-06,7192.630294308221,4.650100529937507e-05,4041807.8428311674,1069.4218074614712,7.8419940214381905
2.0,6.0,130.0,0.16237767391887217,1e-06,2171.135470911982,5.208252429981356e-05,1993242.6340044183,211.39606509034053,6.2267105368599935
2.0,6.0,130.0,0.20691380811147897,1e-06,513.8676421521343,2.1739160624820553e-05,1116198.2374904938,46.17852809512472,5.68993339826621
2.0,6.0,130.0,0.26366508987303583,1e-06,137.63952351732019,1.870975604357419e-05,787910.6916950629,14.604144181539832,3.5109837784705396
2.0,6.0,130.0,0.33598182862837817,1e-06,53.45984079869095,3.0763735419642986e-05,633106.7395798279,5.529073104696263,2.2775754475478296
2.0,6.0,130.0,0.42813323987193935,1e-06,23.362605328065868,4.72246914668058e-05,537880.138424599,1.9867638612208722,1.5538539668031974
2.0,6.0,130.0,0.5455594781168519,1e-06,,,,,
2.0,6.0,130.0,0.6951927961775606,1e-06,4.692669601242132,6.8884426737961e-05,442484.9007685687,0.22026932544795755,0.7331133848907978
2.0,6.0,130.0,0.8858667904100825,1e-06,1.9868715454503199,9.35441481393336e-05,421953.6729162339,0.06404420484467035,0.5396403460811674
2.0,6.0,130.0,1.1288378916846888,1e-06,0.9712358454645336,0.00011000672523706661,412563.46251202014,0.02199541869584444,0.44971390849740955
2.0,6.0,130.0,1.438449888287663,1e-06,0.38801246059527866,0.00011594447847625211,407347.94964976085,0.010129516159402795,0.4044577027667815
2.0,6.0,130.0,1.8329807108324356,1e-06,0.2714320046822133,0.00012366814317851961,405566.01321185357,0.005290672079856741,0.38774689214995717
2.0,6.0,130.0,2.3357214690901213,1e-06,0.11013150585620701,0.000130162967828849,403852.1975542882,0.00371833136675567,0.3709686492164176
2.0,6.0,130.0,2.9763514416313175,1e-06,0.13468665503761024,0.0001210580215601053,404782.3287387098,0.005514807739135489,0.39095901635151237
2.0,6.0,130.0,3.79269019073225,1e-06,0.10499050323286559,0.0001263148248126579,404036.225602942,0.0035449523001701197,0.38300668232818946
2.0,6.0,130.0,4.832930238571752,1e-06,0.05729057602561646,0.00012785206176814948,403392.1666174986,0.0028856863477602994,0.36438989674168565
2.0,6.0,130.0,6.158482110660261,1e-06,0.03426895808254636,0.00012607506843006008,403283.5281588036,0.004407913262981704,0.3559578548349014
2.0,6.0,130.0,7.847599703514611,1e-06,0.06365352894382632,0.00011743078204069139,403018.1553885031,0.04940184410700875,0.35065758061545954
2.0,6.0,130.0,10.0,1e-06,1.8677665463437618,0.0001518721509558465,402900.05362301087,1.8385940010989792,0.34781343172636786
2.0,6.0,140.0,0.1,1e-06,22561.110557179192,7.641955583520301e-05,7926879.654700169,4595.214032984548,9.497634727676632
2.0,6.0,140.0,0.12742749857031338,1e-06,7142.953076329014,4.6025271068392505e-05,3882282.960402416,981.4965136960843,7.625069388235454
2.0,6.0,140.0,0.16237767391887217,1e-06,2038.9235320712512,4.838672603879049e-05,1878426.6774593347,184.61469188465426,5.7792158500712905
2.0,6.0,140.0,0.20691380811147897,1e-06,461.64955967469814,2.0464013225567965e-05,1085714.8623768117,42.76809966264048,5.751273695579352
2.0,6.0,140.0,0.26366508987303583,1e-06,134.68468223538466,1.7940428339638303e-05,775452.7909262398,13.768370432907371,3.2778720906812486
2.0,6.0,140.0,0.33598182862837817,1e-06,52.061746494643046,3.590578766212297e-05,622852.3594693304,5.099473594886852,2.1913248444090097
2.0,6.0,140.0,0.42813323987193935,1e-06,22.70911609301878,5.929696795737641e-05,532021.9307254753,1.8305369556844897,1.502308359223978
2.0,6.0,140.0,0.5455594781168519,1e-06,9.99663332825143,6.601530289343987e-05,475215.58620605734,0.6377570621354227,1.0247915028264036
2.0,6.0,140.0,0.6951927961775606,1e-06,4.517238088978578,8.28994332848113e-05,440640.0551618527,0.20151218197542894,0.7093808240872194
2.0,6.0,140.0,0.8858667904100825,1e-06,1.9237151613678873,0.00010030998113986753,421084.4804057962,0.05979402908506949,0.5288927321796353
2.0,6.0,140.0,1.1288378916846888,1e-06,0.9272971784702784,0.00011596854146237545,412069.3411784537,0.02080287481623696,0.4441626967350159
2.0,6.0,140.0,1.438449888287663,1e-06,0.3784211127586265,0.00011782140558749649,407093.3029801563,0.009585246920227171,0.40248393288490947
2.0,6.0,140.0,1.8329807108324356,1e-06,0.26726604624579026,0.0001243132946027319,405474.54889421316,0.00520544474826275,0.3871603564591234
2.0,6.0,140.0,2.3357214690901213,1e-06,0.10911647120849138,0.0001306168754714693,403793.1003443969,0.0036196523044680195,0.37049328572671625
2.0,6.0,140.0,2.9763514416313175,1e-06,0.1300247863418307,0.00012248370269849144,404644.5924835424,0.005367783587976735,0.3895845048623442
2.0,6.0,140.0,3.79269019073225,1e-06,0.10455612090728916,0.00012696707570496944,404009.42667088343,0.0035251422006504483,0.38287545020826247
2.0,6.0,140.0,4.832930238571752,1e-06,0.056481922077510016,0.00012826991535421227,403346.4357152949,0.00284970236982794,0.3640969286951643
2.0,6.0,140.0,6.158482110660261,1e-06,0.03395828787118632,0.0001260903251137084,403265.34434945206,0.004228143140847341,0.35577687554979964
2.0,6.0,140.0,7.847599703514611,1e-06,0.057844784342669674,0.0001235281246220448,403010.15524063096,0.04362563337460456,0.3505875893409802
2.0,6.0,140.0,10.0,1e-06,1.6238023511548296,0.00013930396311402475,402895.8738283031,1.595751819182469,0.34780735252370165
2.0,6.0,150.0,0.1,1e-06,22204.201317641764,4.647343209666093e-05,7484829.123826295,4069.6102582320987,8.69329375639552
2.0,6.0,150.0,0.12742749857031338,1e-06,6609.266498071777,4.125201794316391e-05,3577855.2726148777,822.0115237325772,7.2625938852739
2.0,6.0,150.0,0.16237767391887217,1e-06,1801.7882251414967,4.604449039510901e-05,1764565.0178633996,159.04466553539547,5.774597571078679
2.0,6.0,150.0,0.20691380811147897,1e-06,438.50714699997457,1.971655110866269e-05,1053603.6958676814,38.94962182025749,5.392941233155267
2.0,6.0,150.0,0.26366508987303583,1e-06,125.61831247097953,1.741920291341792e-05,759188.946376344,12.601638390141545,3.099131118162598
2.0,6.0,150.0,0.33598182862837817,1e-06,49.25755964594152,3.6116867235692375e-05,616978.0700965552,4.840640927967644,2.1370724545418063
2.0,6.0,150.0,0.42813323987193935,1e-06,22.18783305957004,5.9070368107196595e-05,528824.7945957549,1.7496492751136632,1.4689127920528084
2.0,6.0,150.0,0.5455594781168519,1e-06,9.824929441138725,6.834181330660676e-05,473062.73601419234,0.6057892346700224,0.9985712806568574
2.0,6.0,150.0,0.6951927961775606,1e-06,4.412695941655782,8.779383267642787e-05,439335.6279208054,0.18944333731502225,0.692158970640051
2.0,6.0,150.0,0.8858667904100825,1e-06,1.8584608927892883,0.00010582994535378823,420442.2949668927,0.05686566474196991,0.5202048289937897
2.0,6.0,150.0,1.1288378916846888,1e-06,0.8993101092865728,0.00012015007912978856,411785.43222686625,0.020102007246834898,0.44060584087532007
2.0,6.0,150.0,1.438449888287663,1e-06,0.3696246367082217,0.00011935510719152066,406952.0894628975,0.009309016962222466,0.4008390546548709
2.0,6.0,150.0,1.8329807108324356,1e-06,0.2655983555222754,0.00012461846947461015,405442.2682249214,0.0051736003214608185,0.386960008874614
2.0,6.0,150.0,2.3357214690901213,1e-06,0.1085249790870666,0.0001308169037231271,403758.55253110337,0.0035633044038226166,0.3701974941750345
2.0,6.0,150.0,2.9763514416313175,1e-06,0.12771642830864777,0.00012283390214862675,404593.25714941806,0.005291285575926482,0.388822198664996
2.0,6.0,150.0,3.79269019073225,1e-06,0.10420372537115627,0.0001271828336845362,403999.1132710097,0.003509274382302928,0.3828073358759904
2.0,6.0,150.0,4.832930238571752,1e-06,0.05604117933737962,0.00012851557353710453,403322.74151524925,0.0028144303378344468,0.3640313307082855
2.0,6.0,150.0,6.158482110660261,1e-06,0.03370249788505682,0.00012626613026644784,403250.87450840697,0.004001799114539699,0.3557242737199142
2.0,6.0,150.0,7.847599703514611,1e-06,0.05125188919983317,0.00012753490416919964,403002.4172512012,0.037041847442465754,0.3505883785678374
2.0,6.0,150.0,10.0,1e-06,1.3519315023410807,0.0001254351848632488,402891.1754674323,1.3260185458154852,0.3478442932992981
2.0,6.0,160.0,0.1,1e-06,20751.851638130294,4.4588259539626885e-05,7056578.342437166,3584.6289876428336,8.768900611446032
2.0,6.0,160.0,0.12742749857031338,1e-06,6199.473880704283,3.868508047639525e-05,3425173.2092957296,740.8322407756109,7.30930116992253
2.0,6.0,160.0,0.16237767391887217,1e-06,1697.5393180586416,4.544141564724497e-05,1718794.261704444,148.49845148772212,6.003180490892909
2.0,6.0,160.0,0.20691380811147897,1e-06,424.97652013327456,1.949445434876514e-05,1037413.7512988572,36.97408315647817,5.283370494857364
2.0,6.0,160.0,0.26366508987303583,1e-06,121.18144755028746,1.756894475259595e-05,751192.8244506528,12.086692068771628,3.0668891737812185
2.0,6.0,160.0,0.33598182862837817,1e-06,48.19647140066799,3.7815289814379936e-05,613113.3138801939,4.693383995530289,2.1039311815084956
2.0,6.0,160.0,0.42813323987193935,1e-06,21.909935173837873,6.100087374548038e-05,526914.083935871,1.694798646455617,1.4516985172680557
2.0,6.0,160.0,0.5455594781168519,1e-06,9.671670557498441,7.055396462919214e-05,472169.32445321145,0.5886139021437637,0.9907062623708132
2.0,6.0,160.0,0.6951927961775606,1e-06,4.373519792928828,8.826574651255121e-05,438981.3797695977,0.18667120681458083,0.6880925639321291
2.0,6.0,160.0,0.8858667904100825,1e-06,1.848646199777481,0.00010624489527779218,420246.64749997604,0.05580472197818366,0.5175914764031861
2.0,6.0,160.0,1.1288378916846888,1e-06,0.8900957704346827,0.00012012531016633491,411682.6009646059,0.019803278669166903,0.4393805055368708
2.0,6.0,160.0,1.438449888287663,1e-06,0.3653525829001484,0.00011926155757053702,406889.2415467129,0.009165245408845023,0.40006977473537064
2.0,6.0,160.0,1.8329807108324356,1e-06,0.2649453902702529,0.00012477367174904596,405429.48265447124,0.005159275207528187,0.38687040895951647
2.0,6.0,160.0,2.3357214690901213,1e-06,0.10830100841127496,0.00013096526446251672,403752.9297786918,0.0035243915944935603,0.370002977795194
2.0,6.0,160.0,2.9763514416313175,1e-06,0.12590462315448572,0.0001229503187383025,404554.1926270586,0.005233418546783768,0.38830248200891054
2.0,6.0,160.0,3.79269019073225,1e-06,0.10416846309163649,0.000127415158706811,403992.5186238515,0.003503160766514619,0.38286169319979185
2.0,6.0,160.0,4.832930238571752,1e-06,0.05587822616922215,0.0001285773221228751,403309.55594453844,0.0027974692200283487,0.3639697912609473
2.0,6.0,160.0,6.158482110660261,1e-06,0.033578647277171095,0.00012626584596627451,403243.29452242673,0.0039050212116818377,0.35567564530843854
2.0,6.0,160.0,7.847599703514611,1e-06,0.048524103276448925,0.00013250170825200564,402998.26409204607,0.03434967252133848,0.3505656000935135
2.0,6.0,160.0,10.0,1e-06,1.242046488315919,0.0001248287372750788,402888.7375425749,1.2173000706744663,0.34783261200556637
2.0,6.0,170.0,0.1,1e-06,20895.05346211925,3.984804383720745e-05,6759246.1027532155,3247.7597482271676,8.569663937766915
2.0,6.0,170.0,0.12742749857031338,1e-06,5957.094074047419,3.6533937483992905e-05,3167204.2118079914,617.7055377487287,7.170588331489003
2.0,6.0,170.0,0.16237767391887217,1e-06,1507.4722120556753,4.2485744544048116e-05,1614673.5287297799,127.11000704175416,6.343153095704853
2.0,6.0,170.0,0.20691380811147897,1e-06,388.1622670273833,1.9322829734949567e-05,1002300.2791250872,33.64506017790036,4.9445189712682405
2.0,6.0,170.0,0.26366508987303583,1e-06,115.07786023780437,1.861577219329812e-05,736409.9407728125,11.187037714357823,2.9801517748860022
2.0,6.0,170.0,0.33598182862837817,1e-06,46.00209407777491,3.2945743083997536e-05,605834.8069457778,4.403622621233307,2.046153600107892
2.0,6.0,170.0,0.42813323987193935,1e-06,,,,,
2.0,6.0,170.0,0.5455594781168519,1e-06,9.403860412155316,6.452701412604377e-05,469881.3414917062,0.5536670604684168,0.9688760485631805
2.0,6.0,170.0,0.6951927961775606,1e-06,4.26350711877511,8.342273816825549e-05,437995.02565800166,0.17763671790302166,0.6794563421278526
2.0,6.0,170.0,0.8858667904100825,1e-06,1.8116576178983466,0.00010496225347240705,419887.30243235047,0.054036651248297755,0.514565309053598
2.0,6.0,170.0,1.1288378916846888,1e-06,0.8796095950903862,0.0001202549748385977,411578.02678122115,0.019555963341022577,0.43835571782011146
2.0,6.0,170.0,1.438449888287663,1e-06,0.36166363277675073,0.00011931788632981913,406817.2852022558,0.008992074602168273,0.39934622389698815
2.0,6.0,170.0,1.8329807108324356,1e-06,0.2640124048450905,0.00012498593929674483,405407.8018808429,0.005135541401984978,0.3866263837508684
2.0,6.0,170.0,2.3357214690901213,1e-06,0.10784458087032593,0.0001312215238198614,403741.81232036074,0.0034678601718067265,0.36964289551790486
2.0,6.0,170.0,2.9763514416313175,1e-06,0.12298796556172574,0.0001231156371277784,404495.9682871321,0.005141755040603228,0.38734184126674426
2.0,6.0,170.0,3.79269019073225,1e-06,0.10410469781675699,0.00012744224368917484,403989.75901641545,0.003493915151754516,0.38287231716663866
2.0,6.0,170.0,4.832930238571752,1e-06,0.055734193932319195,0.00012856066128083063,403303.00239190634,0.002775907525362915,0.36391860270452836
2.0,6.0,170.0,6.158482110660261,1e-06,0.03344288199573554,0.00012629779426316017,403238.58842451253,0.0038126293599496488,0.3556207507044705
2.0,6.0,170.0,7.847599703514611,1e-06,0.04620246849122367,0.00013370953730949792,402995.8562031417,0.0320630065598282,0.3505441024528041
2.0,6.0,170.0,10.0,1e-06,1.1508309892600292,0.00012574937891601681,402887.3517784398,1.1270870596517262,0.3478299925878361
2.0,6.0,180.0,0.1,1e-06,20091.065596163666,4.128359486035805e-05,6474089.76274725,2982.6943193471575,8.548781836390154
2.0,6.0,180.0,0.12742749857031338,1e-06,5805.818360552747,3.076869897198186e-05,3000839.136703414,549.6375307606259,6.97491595296583
2.0,6.0,180.0,0.16237767391887217,1e-06,1360.707828489876,4.0816914976857e-05,1514609.895215125,107.88385959602292,6.287853883635499
2.0,6.0,180.0,0.20691380811147897,1e-06,350.4723889138322,1.8143219045311375e-05,967581.5268543552,30.223890199833598,5.00012978093342
2.0,6.0,180.0,0.26366508987303583,1e-06,111.5769722514743,1.99944406886743e-05,726492.9491807738,10.629545874162591,2.924222156208444
2.0,6.0,180.0,0.33598182862837817,1e-06,44.351190798951286,3.7163703418604244e-05,601951.321050891,4.261936085231364,2.029001084316268
2.0,6.0,180.0,0.42813323987193935,1e-06,20.9590692514182,5.469770289519769e-05,521824.8788059116,1.583760971912444,1.406740207607505
2.0,6.0,180.0,0.5455594781168519,1e-06,9.397534710706093,6.42509454705611e-05,469604.20555375016,0.5497447802411878,0.9654034098623814
2.0,6.0,180.0,0.6951927961775606,1e-06,4.26128842110192,8.241769623961709e-05,437681.5817481434,0.17401010044696838,0.6747868361456075
2.0,6.0,180.0,0.8858667904100825,1e-06,1.7926320332062078,0.00010526920237218457,419641.621708608,0.05259966210346058,0.5116004620336115
2.0,6.0,180.0,1.1288378916846888,1e-06,0.8724019340416864,0.00012186006923253274,411450.5862335534,0.019256335027280556,0.43712419271017255
2.0,6.0,180.0,1.438449888287663,1e-06,0.35855252969096435,0.0001201302953343685,406749.0391487554,0.008870822282585863,0.398700325860892
2.0,6.0,180.0,1.8329807108324356,1e-06,0.26339560807707096,0.00012536749680390025,405375.1830055373,0.005101825085636558,0.38653679035542043
2.0,6.0,180.0,2.3357214690901213,1e-06,0.1071612915331576,0.00013161677713511958,403705.50320890656,0.003410450359506217,0.3694346866091386
2.0,6.0,180.0,2.9763514416313175,1e-06,0.12054049715477383,0.00012319648181032526,404437.6950120164,0.005035090297025613,0.3866587947613306
2.0,6.0,180.0,3.79269019073225,1e-06,0.10385260206085288,0.00012754760810610626,403978.3435443033,0.003477786413015038,0.38286839358937874
2.0,6.0,180.0,4.832930238571752,1e-06,0.055480894531975654,0.00012879193274477864,403279.0563588864,0.002746137526837526,0.363902403336987
2.0,6.0,180.0,6.158482110660261,1e-06,0.03323794951138405,0.000126645065312306,403223.9683108296,0.0037019821319316895,0.35550760483728083
2.0,6.0,180.0,7.847599703514611,1e-06,0.043663667313024186,0.00013288741557749412,402988.906785536,0.029577362761773127,0.35049404686965235
2.0,6.0,180.0,10.0,1e-06,1.0528590275255816,0.00012534872901008833,402883.4849896572,1.0304933973118515,0.34782585688050155
2.0,6.0,190.0,0.1,1e-06,19018.811522633674,3.6844316964177095e-05,6218635.325526079,2726.3024715041633,8.22729908716805
2.0,6.0,190.0,0.12742749857031338,1e-06,5601.365344695345,2.7673739926837375e-05,2921146.8292990485,513.9684636732791,6.900784319093851
2.0,6.0,190.0,0.16237767391887217,1e-06,1321.7952360647464,4.0563055236634674e-05,1476724.2305380697,100.54191044801487,6.204192856981073
2.0,6.0,190.0,0.20691380811147897,1e-06,336.98201782132173,2.226922203020562e-05,947399.3321176195,28.21838384783711,4.632742578121257
2.0,6.0,190.0,0.26366508987303583,1e-06,112.55494598074236,1.9120276143247212e-05,715104.7428890571,9.905996835511282,2.7823007885622264
2.0,6.0,190.0,0.33598182862837817,1e-06,45.683863571090725,3.8330379117090464e-05,584440.3476071222,3.513154477966852,1.8527745711013477
2.0,6.0,190.0,0.42813323987193935,1e-06,18.54825478480825,4.9716865812764206e-05,508669.22858188924,1.2342116032002046,1.3045318568092399
2.0,6.0,190.0,0.5455594781168519,1e-06,8.355391255586182,6.329258147305904e-05,463285.2199394199,0.4540154553675748,0.9136128971625082
2.0,6.0,190.0,0.6951927961775606,1e-06,3.86554588726107,8.12556520077125e-05,434755.2576935847,0.1492854989593508,0.649601339447949
2.0,6.0,190.0,0.8858667904100825,1e-06,1.7083968247270196,0.00010507456713101337,418591.4172040269,0.04691209186441403,0.5000204413733976
2.0,6.0,190.0,1.1288378916846888,1e-06,0.8053167933259573,0.0001245111386217495,410694.7318820893,0.01723768819666694,0.42950256169764045
2.0,6.0,190.0,1.438449888287663,1e-06,0.33383605653758186,0.00012369647675234888,406423.95299733453,0.007780479418388186,0.39289042110334427
2.0,6.0,190.0,1.8329807108324356,1e-06,0.2506555983272853,0.00012674213999674524,405227.0135167257,0.004863130761872513,0.38517006887297506
2.0,6.0,190.0,2.3357214690901213,1e-06,0.10348832489790824,0.00013089706372886988,403657.5058362703,0.003235652124508108,0.3685376664960912
2.0,6.0,190.0,2.9763514416313175,1e-06,0.11012169068279662,0.00012482123977042598,404226.4502162665,0.004736089115396214,0.3830507043132416
2.0,6.0,190.0,3.79269019073225,1e-06,0.10305478468955924,0.00012749707416253935,403953.9737402418,0.0034410372056508627,0.38280812788955654
2.0,6.0,190.0,4.832930238571752,1e-06,0.05438765702752002,0.00012910736760191142,403232.02369922923,0.0027023949400572546,0.3637825568131374
2.0,6.0,190.0,6.158482110660261,1e-06,0.032792656976047344,0.00012674290647423527,403220.42930607527,0.003534054464796769,0.35524464410432854
2.0,6.0,190.0,7.847599703514611,1e-06,0.03950401253113585,0.00013500845612215585,402992.92494654004,0.025548593659608577,0.35035276423500233
2.0,6.0,190.0,10.0,1e-06,0.8896029790201031,0.00012840572979852004,402886.7996480558,0.86930820503012,0.34776026494280593
2.0,6.0,200.0,0.1,1e-06,18816.613017027244,3.226692145380266e-05,6098698.369349988,2621.8903820232763,8.126303825647724
2.0,6.0,200.0,0.12742749857031338,1e-06,5530.001623466743,3.4920352335276986e-05,2828664.5204185643,478.3945264760113,6.708435341006952
2.0,6.0,200.0,0.16237767391887217,1e-06,1314.4551814547667,4.4652511264809215e-05,1419649.5700140083,90.0807448303481,5.67135426331102
2.0,6.0,200.0,0.20691380811147897,1e-06,306.9850250122154,1.8919923643708412e-05,907842.209210438,24.319592458973126,4.680700180967452
2.0,6.0,200.0,0.26366508987303583,1e-06,106.7918058833988,2.1579091407146834e-05,695627.7615385638,8.740215103230925,2.656544552012333
2.0,6.0,200.0,0.33598182862837817,1e-06,43.772843166067325,4.4543467481554766e-05,572545.0904783425,3.092427005167387,1.7399220835389846
2.0,6.0,200.0,0.42813323987193935,1e-06,17.330961853903766,6.050723681548672e-05,499263.8174554483,1.0488624665888329,1.2115670040316864
2.0,6.0,200.0,0.5455594781168519,1e-06,7.769045546449291,7.3105263203105e-05,457548.9643854743,0.3782008305682337,0.8522682325543094
2.0,6.0,200.0,0.6951927961775606,1e-06,3.6092441719378012,9.110470706824823e-05,431749.68866726896,0.12313033943960594,0.6134074018839013
2.0,6.0,200.0,0.8858667904100825,1e-06,1.6676827713851203,0.00011482886602873828,417277.6933743761,0.038954503096426764,0.4807397016198295
2.0,6.0,200.0,1.1288378916846888,1e-06,0.7539467380265298,0.00013052989295467,409863.0937349473,0.01468179335608066,0.41812553303507405
2.0,6.0,200.0,1.438449888287663,1e-06,0.3191239897853798,0.00013136704346956976,405849.99115916574,0.006023479194730206,0.38476672362121117
2.0,6.0,200.0,1.8329807108324356,1e-06,0.2293739462686591,0.00012769102829039345,404887.7962664878,0.004368297679986784,0.38187231847178765
2.0,6.0,200.0,2.3357214690901213,1e-06,0.09869288313830246,0.0001331729575601892,403543.08877904725,0.002918892559663328,0.366681909691637
2.0,6.0,200.0,2.9763514416313175,1e-06,0.09988124717578634,0.0001252466360940489,404013.6861861148,0.004379221554498917,0.3796798408518094
2.0,6.0,200.0,3.79269019073225,1e-06,0.10203781588365583,0.00012854959152841115,403917.73105654074,0.0034191006279484116,0.38268768652764173
2.0,6.0,200.0,4.832930238571752,1e-06,0.05375102570706054,0.0001303057733254156,403194.2275350428,0.0026830287062279473,0.3636466056600466
2.0,6.0,200.0,6.158482110660261,1e-06,0.03251816113220017,0.00012741103024817776,403204.47974984173,0.0034048499714272244,0.355117789933806
2.0,6.0,200.0,7.847599703514611,1e-06,0.03631208056950094,0.00014235813146478988,402984.9172428596,0.022422527240693726,0.35030303662114315
2.0,6.0,200.0,10.0,1e-06,0.7643145195740215,0.0001433634667420427,402881.96727666666,0.7456998601395,0.34774970728539545
2.0,6.0,210.0,0.1,1e-06,18284.790546409375,2.411021101624309e-05,5712124.484110815,2266.235389952719,8.428142707036878
2.0,6.0,210.0,0.12742749857031338,1e-06,5037.538500107828,3.527759953573118e-05,2649933.3726850273,416.24050307634343,7.360518940855072
2.0,6.0,210.0,0.16237767391887217,1e-06,1194.899618026436,4.37485924662328e-05,1368024.0906505242,83.75596425168698,6.7165809282846896
2.0,6.0,210.0,0.20691380811147897,1e-06,292.95824932902053,1.9697820225637828e-05,898334.550948784,23.702361421282504,4.850383446246597
2.0,6.0,210.0,0.26366508987303583,1e-06,109.13997405986132,2.0613524317527628e-05,688956.3946369598,8.32650896927359,2.5717584840372423
2.0,6.0,210.0,0.33598182862837817,1e-06,,,,,
2.0,6.0,210.0,0.42813323987193935,1e-06,16.85752530454497,6.017780329451671e-05,498619.4444786189,1.0350891415730583,1.2093242285818238
2.0,6.0,210.0,0.5455594781168519,1e-06,7.765731585761809,7.384460177358785e-05,457271.0009828446,0.3752937143098871,0.8500951359118578
2.0,6.0,210.0,0.6951927961775606,1e-06,3.624292321148851,9.186749894141297e-05,431541.9097612386,0.12157358239319258,0.6115890151590951
2.0,6.0,210.0,0.8858667904100825,1e-06,1.6606641717905175,0.00011481242432471558,417190.44629693474,0.038679089901783203,0.48012783668312564
2.0,6.0,210.0,1.1288378916846888,1e-06,0.7461401264551133,0.00013071998798592723,409786.80975456245,0.014569641450613461,0.4176068405238046
2.0,6.0,210.0,1.438449888287663,1e-06,0.3182361525915113,0.0001316697564961602,405815.12069638533,0.005949618907190313,0.38454051358778907
2.0,6.0,210.0,1.8329807108324356,1e-06,0.22753958547155162,0.0001277541581153501,404867.63169333374,0.0043427262919053,0.3816585448808745
2.0,6.0,210.0,2.3357214690901213,1e-06,0.09825925478662847,0.00013346557831500717,403529.3787890092,0.0029095392061416927,0.3666537643030283
2.0,6.0,210.0,2.9763514416313175,1e-06,0.0988388551793954,0.00012536290895110322,403995.5467570415,0.0043374761665792745,0.3793354862159751
2.0,6.0,210.0,3.79269019073225,1e-06,0.10194509956405295,0.00012862060973729743,403914.47847989784,0.0034147504020173285,0.382700486388306
2.0,6.0,210.0,4.832930238571752,1e-06,0.05360701929925145,0.00013055071580940679,403187.7012876867,0.0026781651241256275,0.3636470212259197
2.0,6.0,210.0,6.158482110660261,1e-06,0.032466632817031715,0.0001281249266902467,403205.25892038544,0.0033429812983722315,0.3551362490304658
2.0,6.0,210.0,7.847599703514611,1e-06,0.03497640273760834,0.0001403977840291322,402986.0776676823,0.02110140329077193,0.3503210873962771
2.0,6.0,210.0,10.0,1e-06,0.7158573082615342,0.00012955280609939544,402882.47406699194,0.6984370187048861,0.34776481562635697
2.0,6.0,220.0,0.1,1e-06,17495.67063798787,3.4261910058060814e-05,5345128.4182918975,1967.1748882382221,8.489780685574924
2.0,6.0,220.0,0.12742749857031338,1e-06,4550.707704440639,4.50912472535279e-05,2445425.253516816,348.8457407719131,8.192960006621616
2.0,6.0,220.0,0.16237767391887217,1e-06,1065.7412865702902,4.6467984445085896e-05,1313183.1297628155,75.08151774582906,7.126348315844824
2.0,6.0,220.0,0.20691380811147897,1e-06,277.3254823068336,1.9383759283004197e-05,884697.8565390501,22.393506438443346,4.461433775752371
2.0,6.0,220.0,0.26366508987303583,1e-06,105.91322256169195,1.995072386559071e-05,682303.6406471943,7.953294100857377,2.540583596807761
2.0,6.0,220.0,0.33598182862837817,1e-06,39.99248789458127,4.123403437028935e-05,563188.1963408247,2.737651578525632,1.7027957817279333
2.0,6.0,220.0,0.42813323987193935,1e-06,16.744917553571188,6.09998958611863e-05,497820.20132858935,1.0230936514348785,1.2059972589498802
2.0,6.0,220.0,0.5455594781168519,1e-06,7.77719695390488,7.419907056285281e-05,456510.9331055246,0.3668461297539483,0.8448425900429375
2.0,6.0,220.0,0.6951927961775606,1e-06,3.534794657410939,9.228274937414285e-05,430938.76542313216,0.11843605037880559,0.6074436818005232
2.0,6.0,220.0,0.8858667904100825,1e-06,1.6305252919294184,0.00011494594276494463,417015.1355791028,0.03821750151877644,0.4788121744578915
2.0,6.0,220.0,1.1288378916846888,1e-06,0.7280720387034298,0.0001294940044944768,409659.86042755103,0.014329209519064998,0.41628787732682554
2.0,6.0,220.0,1.438449888287663,1e-06,0.3172112627121614,0.00013100543770465495,405800.0794908891,0.005894905349839762,0.38426267786428303
2.0,6.0,220.0,1.8329807108324356,1e-06,0.22668332546535436,0.0001278383954397437,404853.525911168,0.004330903501584157,0.3815570029140354
2.0,6.0,220.0,2.3357214690901213,1e-06,0.09816934485613368,0.00013354633117546461,403524.3352400812,0.002897543603286381,0.3666156869255348
2.0,6.0,220.0,2.9763514416313175,1e-06,0.0977433625002059,0.00012552465746683956,403973.7052823312,0.004305895346118226,0.37898730611354003
2.0,6.0,220.0,3.79269019073225,1e-06,0.10191738934982339,0.00012864335536445282,403912.7404330458,0.0034111892555909605,0.382719234483647
2.0,6.0,220.0,4.832930238571752,1e-06,0.053511813101912775,0.0001304724389759812,403182.59932033217,0.002668044716889024,0.3636372627993962
2.0,6.0,220.0,6.158482110660261,1e-06,0.032410169065050204,0.00012796296653372284,403204.6473513463,0.003308740822848185,0.35511216214869845
2.0,6.0,220.0,7.847599703514611,1e-06,0.034054009043355996,0.00013982735198902075,402986.59729390976,0.020186029872300584,0.35031131792471626
2.0,6.0,220.0,10.0,1e-06,0.6781564552719987,0.0001359686834783037,402882.861636656,0.6610306599984342,0.3477627762740234
2.0,6.0,230.0,0.1,1e-06,17292.66843292042,3.5634017324674476e-05,5129163.9670946,1801.6858215488571,9.527405442017217
2.0,6.0,230.0,0.12742749857031338,1e-06,4309.703992787895,4.218711995511834e-05,2295197.033403879,300.81423730059805,8.128239503680243
2.0,6.0,230.0,0.16237767391887217,1e-06,951.5669178331752,4.379722903134946e-05,1251494.0827366807,65.76756061998285,6.869926106833587
2.0,6.0,230.0,0.20691380811147897,1e-06,266.03162774855014,1.8164048314230266e-05,859784.3316865582,20.471985008441436,3.8080152071374425
2.0,6.0,230.0,0.26366508987303583,1e-06,96.04995378020692,2.468975279869676e-05,668978.7393731193,7.349409690651137,2.4641403637761465
2.0,6.0,230.0,0.33598182862837817,1e-06,39.193878140300896,4.4823233156772644e-05,559540.3269461994,2.634986920840568,1.6701983282160762
2.0,6.0,230.0,0.42813323987193935,1e-06,17.41370341232443,6.847345011924584e-05,492785.1174509145,0.9146335511686845,1.1120451195490144
2.0,6.0,230.0,0.5455594781168519,1e-06,7.29711801699921,8.963860156362515e-05,450296.4907700665,0.2799798272480153,0.7483784869592724
2.0,6.0,230.0,0.6951927961775606,1e-06,3.1449470376395814,0.00011262934925309439,427050.0169329796,0.08530770817696541,0.5484384690849531
2.0,6.0,230.0,0.8858667904100825,1e-06,1.4551473831443735,0.0001430941400971222,414903.0376192797,0.02764624267889701,0.44866681860665414
2.0,6.0,230.0,1.1288378916846888,1e-06,0.6571047278660137,0.00015794188880434543,408480.41799086763,0.010491038276320131,0.40250422761620724
2.0,6.0,230.0,1.438449888287663,1e-06,0.28301311623217285,0.00013595938832751365,405129.39825694106,0.00441241422153385,0.37827514783777716
2.0,6.0,230.0,1.8329807108324356,1e-06,0.19670986004785995,0.00013716390070872745,404385.8423545017,0.0034629829835043278,0.3774490662897733
2.0,6.0,230.0,2.3357214690901213,1e-06,0.09236021176366846,0.00014039473959469445,403234.7857309991,0.0024977560117161656,0.3658246810908474
2.0,6.0,230.0,2.9763514416313175,1e-06,0.08479651431554505,0.00014459259423618278,403700.0929782783,0.0035336375175145686,0.37538049133563356
2.0,6.0,230.0,3.79269019073225,1e-06,0.09486858092642944,0.0001308429218973381,403742.1779284653,0.0032137929253774795,0.38095789339916425
2.0,6.0,230.0,4.832930238571752,1e-06,0.05253196260120443,0.0001316832027665899,403094.15509754966,0.002566652179948034,0.36362844593928234
2.0,6.0,230.0,6.158482110660261,1e-06,0.03165679693368897,0.0001301923020500597,403115.09807777655,0.0030665776661332237,0.35471737914480705
2.0,6.0,230.0,7.847599703514611,1e-06,0.030486335834272404,0.0001429134343020456,402937.2209076546,0.016801742918292718,0.35013196138921393
2.0,6.0,230.0,10.0,1e-06,0.5531709213110454,0.00018579041071382004,402852.82336264895,0.5388176557236602,0.3477136040375778
2.0,6.0,240.0,0.1,1e-06,16674.875764923137,3.603914334969639e-05,4998652.697085182,1711.4578315432339,9.323163929783213
2.0,6.0,240.0,0.12742749857031338,1e-06,4215.232923705032,4.175651087621195e-05,2261512.59401569,290.7071868111709,8.130523412513096
2.0,6.0,240.0,0.16237767391887217,1e-06,944.8318020929509,4.447972018858036e-05,1230296.2002057487,62.603894066399945,6.844345921172657
2.0,6.0,240.0,0.20691380811147897,1e-06,259.5161224534478,1.808404125624543e-05,845717.7830578673,19.247767708404172,3.613363800643604
2.0,6.0,240.0,0.26366508987303583,1e-06,91.7421884863431,2.6130645184796216e-05,662795.4841627623,7.040583703923831,2.426884594551139
2.0,6.0,240.0,0.33598182862837817,1e-06,38.00817861167963,4.517128016257902e-05,558062.4736442852,2.5976712746374044,1.6614496761221647
2.0,6.0,240.0,0.42813323987193935,1e-06,,,,,
2.0,6.0,240.0,0.5455594781168519,1e-06,7.195013043980555,8.597761109350107e-05,449721.8609772052,0.27489367383716745,0.7436318461346123
2.0,6.0,240.0,0.6951927961775606,1e-06,3.126833459201034,0.00011191061532657701,426832.3152686745,0.08420055872419484,0.5467774325819204
2.0,6.0,240.0,0.8858667904100825,1e-06,1.4549209429059065,0.00014380883812047953,414830.0179052371,0.027361251045652308,0.44814358383405023
2.0,6.0,240.0,1.1288378916846888,1e-06,0.6507939986606803,0.00015999904231297945,408400.35820913996,0.010343627179733493,0.4019602610498042
2.0,6.0,240.0,1.438449888287663,1e-06,0.28190903207754403,0.00013689339301291902,405090.40287554724,0.0043414917522546755,0.3780081178190081
2.0,6.0,240.0,1.8329807108324356,1e-06,0.19588979404054987,0.0001373943788151216,404373.6025575689,0.003455998494166162,0.37736604351737124
2.0,6.0,240.0,2.3357214690901213,1e-06,0.0924801326068327,0.00014053340230754929,403228.2565612569,0.0024889022491890542,0.36583179578975566
2.0,6.0,240.0,2.9763514416313175,1e-06,0.0836031030209383,0.0001442145227086955,403668.59798463655,0.003499340218138254,0.3750611479333367
2.0,6.0,240.0,3.79269019073225,1e-06,0.09471947933555501,0.0001309635062862657,403737.79378129845,0.003207859274181631,0.38098150977710127
2.0,6.0,240.0,4.832930238571752,1e-06,0.05230721688788319,0.00013187777358321295,403085.6859944342,0.002557030557850943,0.36364977905353446
2.0,6.0,240.0,6.158482110660261,1e-06,0.031580791068622244,0.00013031042845938534,403112.85829170875,0.003027207387034487,0.3547105776836608
2.0,6.0,240.0,7.847599703514611,1e-06,0.029515631275530405,0.00013952677197882552,402936.50182196783,0.015837613884576544,0.3501320223251899
2.0,6.0,240.0,10.0,1e-06,0.5146699671225416,0.00017052093295379022,402852.24716554856,0.5006729586700815,0.3477212680649639
2.0,6.0,250.0,0.1,1e-06,16297.56731767444,3.358810915709315e-05,4858320.109203497,1608.9344794849194,8.971020569936476
2.0,6.0,250.0,0.12742749857031338,1e-06,4087.379921220271,3.88799997967032e-05,2187213.622374404,267.96110673668085,7.951059146997585
2.0,6.0,250.0,0.16237767391887217,1e-06,879.5153043104251,4.20926381197605e-05,1198635.5002946435,58.05354060063835,6.433734477755538
2.0,6.0,250.0,0.20691380811147897,1e-06,249.06956661255293,1.821858200626459e-05,838555.1095650145,18.678770824976958,3.6383881982612603
2.0,6.0,250.0,0.26366508987303583,1e-06,90.89062027231678,2.7553536013354987e-05,659970.8327794055,6.862622141622484,2.405123127272236
2.0,6.0,250.0,0.33598182862837817,1e-06,37.70828987775221,4.5301249343357334e-05,557100.1720933312,2.567832504803425,1.6547217659963218
2.0,6.0,250.0,0.42813323987193935,1e-06,17.317762260512776,6.851503115543051e-05,491080.0731069087,0.8830495361753176,1.0953180309946693
2.0,6.0,250.0,0.5455594781168519,1e-06,7.071095350393173,9.076580240635377e-05,448679.0878256855,0.2647892400101466,0.7349944226264665
2.0,6.0,250.0,0.6951927961775606,1e-06,3.0462299272292515,0.0001140588418685347,426303.5761164144,0.08189850562165446,0.5431688817558116
2.0,6.0,250.0,0.8858667904100825,1e-06,1.4375129292471391,0.00014406999743343322,414666.7229135685,0.02691152583667393,0.44697429213409456
2.0,6.0,250.0,1.1288378916846888,1e-06,0.6438655478283817,0.00015662507153634125,408301.4789104152,0.010151946846783626,0.401356228438425
2.0,6.0,250.0,1.438449888287663,1e-06,0.28095522645977367,0.00013426706483029796,405049.48483489215,0.004282123121296188,0.3778278199752148
2.0,6.0,250.0,1.8329807108324356,1e-06,0.19485909679006744,0.00013757284742150222,404355.3220524266,0.0034434043918835596,0.3772889552339232
2.0,6.0,250.0,2.3357214690901213,1e-06,0.09245090752658262,0.0001406084823563778,403224.0820453524,0.002483531183997258,0.3658265096547145
2.0,6.0,250.0,2.9763514416313175,1e-06,0.08285135023703195,0.0001440892432331769,403649.1644121791,0.0034763609799842487,0.3748574957800387
2.0,6.0,250.0,3.79269019073225,1e-06,0.09463842663400168,0.00013098185591695622,403734.5557370721,0.0032040250752263383,0.38097776977824527
2.0,6.0,250.0,4.832930238571752,1e-06,0.052161674959560075,0.0001319453543921406,403078.8962445177,0.0025485274453964655,0.3636289888711224
2.0,6.0,250.0,6.158482110660261,1e-06,0.03149908304385107,0.0001303500656690529,403109.6671516736,0.0029965555420999063,0.354665155461553
2.0,6.0,250.0,7.847599703514611,1e-06,0.028814215073990387,0.00014034508742460472,402935.58845522127,0.015150525376014107,0.35011133829638086
2.0,6.0,250.0,10.0,1e-06,0.4871575538251125,0.0001731058586121416,402851.8535356827,0.47342529156269897,0.34772206668337147
2.0,6.0,260.0,0.1,1e-06,15345.81866617922,2.8594492745384898e-05,4713914.4866020745,1505.4883646914586,8.957687509864554
2.0,6.0,260.0,0.12742749857031338,1e-06,4006.075954160194,3.67559575419132e-05,2146312.109732705,255.83165559705293,7.876101471705615
2.0,6.0,260.0,0.16237767391887217,1e-06,848.5193644429294,4.0077695634728486e-05,1183438.5620152724,56.027842421673995,6.465574752617954
2.0,6.0,260.0,0.20691380811147897,1e-06,255.3045586195111,1.8216234373271767e-05,828056.5484920611,17.836625127845828,3.468504408686728
2.0,6.0,260.0,0.26366508987303583,1e-06,88.44333533442577,3.3438904968327835e-05,645270.2204788579,6.172372294504054,2.2937990645482627
2.0,6.0,260.0,0.33598182862837817,1e-06,35.19489956924814,4.997949963406794e-05,550055.6452207209,2.3516446193531406,1.6032874955107794
2.0,6.0,260.0,0.42813323987193935,1e-06,16.550360432331352,6.586254449217125e-05,486985.44893419486,0.8080567385434498,1.0581486906161914
2.0,6.0,260.0,0.5455594781168519,1e-06,6.628641974924733,7.27242782159764e-05,445396.9839587336,0.2347714378958349,0.7112880716281994
2.0,6.0,260.0,0.6951927961775606,1e-06,2.9257467148293603,9.862265192369093e-05,424337.0904042627,0.06987067147139367,0.5296441015351521
2.0,6.0,260.0,0.8858667904100825,1e-06,1.361458518885506,0.00012473438784860993,413390.4999520819,0.021858351971287514,0.43954349063612375
2.0,6.0,260.0,1.1288378916846888,1e-06,0.58780314072405,0.00012926146671448727,407384.3632658439,0.008061183375060916,0.39714135941204887
2.0,6.0,260.0,1.438449888287663,1e-06,0.27302519786195845,0.0001303046315707573,404604.4136862102,0.0037080039901811073,0.3768796917706053
2.0,6.0,260.0,1.8329807108324356,1e-06,0.17989857941131135,0.00013982606169264048,404056.23938775156,0.003238983004787281,0.3762409265714266
2.0,6.0,260.0,2.3357214690901213,1e-06,0.09033143822211791,0.00014269082168851227,403093.9555087912,0.0024135332741492296,0.3656804091185425
2.0,6.0,260.0,2.9763514416313175,1e-06,0.07258003404703246,0.00014104603504462164,403368.70739773184,0.0032299789980357214,0.3723216823057225
2.0,6.0,260.0,3.79269019073225,1e-06,0.09358250948896675,0.0001316259745113487,403692.61885808833,0.0031790795209584587,0.38082891940131824
2.0,6.0,260.0,4.832930238571752,1e-06,0.05183636200584398,0.00013300142616714993,403029.7716223511,0.002534005351930246,0.3637876278463527
2.0,6.0,260.0,6.158482110660261,1e-06,0.03134425495288043,0.0001304263193457338,403083.2248678789,0.002941991674612998,0.35465814584015193
2.0,6.0,260.0,7.847599703514611,1e-06,0.0271513196569658,0.00013342065873108818,402923.9720600016,0.013464740866364651,0.3501172588532794
2.0,6.0,260.0,10.0,1e-06,0.4153425714422151,0.00013070031938972572,402845.0277456138,0.40196192194550817,0.34776268750583583
2.0,6.0,270.0,0.1,1e-06,13995.117459810772,2.7938570270345905e-05,4496854.056403128,1327.8892379523186,8.904941255446657
2.0,6.0,270.0,0.12742749857031338,1e-06,3847.381256586874,3.491568179022524e-05,2101757.570442839,242.14782966672635,7.302157385887956
2.0,6.0,270.0,0.16237767391887217,1e-06,829.8570238988984,4.038070931054164e-05,1159402.7661722365,52.92794493717825,6.638724571699171
2.0,6.0,270.0,0.20691380811147897,1e-06,247.77696434864814,1.9673471111840697e-05,816078.3703512071,16.842157956797372,3.3568397815692768
2.0,6.0,270.0,0.26366508987303583,1e-06,86.72686226522389,3.3305809093127295e-05,639659.4684346876,5.910465770534556,2.241764633315631
2.0,6.0,270.0,0.33598182862837817,1e-06,34.325229453512016,4.989608474510773e-05,546744.3816423824,2.2530528462429107,1.5765065688839384
2.0,6.0,270.0,0.42813323987193935,1e-06,,,,,
2.0,6.0,270.0,0.5455594781168519,1e-06,6.5029086614512845,6.678030186374019e-05,444245.1188713155,0.2237099482705982,0.701962035062631
2.0,6.0,270.0,0.6951927961775606,1e-06,2.8755408659462107,9.352088534449199e-05,423640.96236999694,0.06583345815597871,0.5243106134765603
2.0,6.0,270.0,0.8858667904100825,1e-06,1.329151158621917,0.00012229952939448496,413042.3747331359,0.02078880261757009,0.4372499568839696
2.0,6.0,270.0,1.1288378916846888,1e-06,0.5785138608888616,0.0001265233034621846,407244.3687124987,0.00777514319700886,0.39639182139613216
2.0,6.0,270.0,1.438449888287663,1e-06,0.2711157753374232,0.00013023411828815945,404532.52473751386,0.0035517961457783363,0.3764324768801769
2.0,6.0,270.0,1.8329807108324356,1e-06,0.17885938741507024,0.00013990813586782025,404032.09839874133,0.0032207464760608635,0.3761903059082521
2.0,6.0,270.0,2.3357214690901213,1e-06,0.09033948292625613,0.00014274866174343907,403082.95394485386,0.0024015712138190405,0.36565540170312744
2.0,6.0,270.0,2.9763514416313175,1e-06,0.07152937123785469,0.00014113673962552458,403343.53981261817,0.00320425123446487,0.3719810148260001
2.0,6.0,270.0,3.79269019073225,1e-06,0.09350641072695036,0.00013167703896715325,403689.7008669057,0.0031759858284692035,0.38084181410178397
2.0,6.0,270.0,4.832930238571752,1e-06,0.05173982757296072,0.00013318265688261539,403024.08073897654,0.0025266828868016735,0.36380395062187576
2.0,6.0,270.0,6.158482110660261,1e-06,0.03128312465932009,0.0001307667251805256,403079.56525952206,0.0029111367101818265,0.35464653413778713
2.0,6.0,270.0,7.847599703514611,1e-06,0.026617177400196007,0.00013200474328927333,402922.06716002664,0.012948365986563033,0.35011382075043074
2.0,6.0,270.0,10.0,1e-06,0.39682888476567013,0.00012780450167029656,402843.90177240013,0.38379780923064855,0.3477708517631126
2.0,6.0,280.0,0.1,1e-06,13555.932018897698,2.696795382276581e-05,4356738.4704817,1244.238271840953,9.462454281484163
2.0,6.0,280.0,0.12742749857031338,1e-06,3653.3735633711326,3.557457752485173e-05,2066007.8168808375,233.59553309750936,7.527213021859733
2.0,6.0,280.0,0.16237767391887217,1e-06,824.7940035261606,4.024421788978049e-05,1156111.7151571172,52.49025404101617,6.722917964586705
2.0,6.0,280.0,0.20691380811147897,1e-06,247.90053705995268,1.9748421654589538e-05,814523.4025716766,16.654415862864365,3.3475702712306497
2.0,6.0,280.0,0.26366508987303583,1e-06,86.24206276791764,3.332882599344243e-05,638949.0529616558,5.873548997039121,2.2374241238387444
2.0,6.0,280.0,0.33598182862837817,1e-06,34.04984102786883,5.007653128994303e-05,546220.1363178217,2.240802083534469,1.5707676935999022
2.0,6.0,280.0,0.42813323987193935,1e-06,16.353521043280736,6.353198248324127e-05,484402.4664895046,0.764624636189095,1.0348419358631793
2.0,6.0,280.0,0.5455594781168519,1e-06,6.412919733598759,6.891671165897507e-05,443667.5508723695,0.2197607234920631,0.6966875736385996
2.0,6.0,280.0,0.6951927961775606,1e-06,2.864097309467577,9.398136124702911e-05,423555.78959138953,0.06542367200942298,0.5235666373713546
2.0,6.0,280.0,0.8858667904100825,1e-06,1.327077483265228,0.00012244566069600536,413023.2247130962,0.020738374269549758,0.43706989331241447
2.0,6.0,280.0,1.1288378916846888,1e-06,0.5762849644445159,0.00012650273093753458,407220.21294720384,0.007737147253899526,0.3962160190383518
2.0,6.0,280.0,1.438449888287663,1e-06,0.2710033870765696,0.00013026508610079816,404525.43954816373,0.0035427080581310923,0.3764239450898459
2.0,6.0,280.0,1.8329807108324356,1e-06,0.17839460490307898,0.00013998451232252396,404025.66043851443,0.0032169974802398714,0.37613898706917515
2.0,6.0,280.0,2.3357214690901213,1e-06,0.09028862516128681,0.0001427958751495411,403077.6041406439,0.0023978386046758665,0.36565669184156413
2.0,6.0,280.0,2.9763514416313175,1e-06,0.07115652777340692,0.00014117383780897473,403335.78362461587,0.003195253510043049,0.3718727136073111
2.0,6.0,280.0,3.79269019073225,1e-06,0.09343757802848411,0.00013169803681823154,403688.9905712984,0.0031751016922853073,0.3808254476494851
2.0,6.0,280.0,4.832930238571752,1e-06,0.051688120665529004,0.0001331695126742586,403020.3819197137,0.002524566622931768,0.3638150888337811
2.0,6.0,280.0,6.158482110660261,1e-06,0.03127429713549199,0.00013064930553194695,403077.55303022376,0.002903522702294166,0.35465212846434546
2.0,6.0,280.0,7.847599703514611,1e-06,0.026435266601082613,0.00013287574442122325,402921.3986443654,0.012760338191178507,0.3501180960100647
2.0,6.0,280.0,10.0,1e-06,0.3889092968921165,0.00013066829183256288,402843.5445344186,0.37591627324808513,0.34777578423054034
2.0,6.0,290.0,0.1,1e-06,13597.73456717915,3.830537949765842e-05,4119152.7436302006,1087.4634752708191,9.103902146426869
2.0,6.0,290.0,0.12742749857031338,1e-06,3306.1302514241775,3.7897569242137944e-05,1889546.8239285054,187.49941758020378,7.577748519718982
2.0,6.0,290.0,0.16237767391887217,1e-06,697.186978188161,4.262183620240641e-05,1119492.2771373272,47.84759728424619,7.188165705018533
2.0,6.0,290.0,0.20691380811147897,1e-06,245.82681504679675,1.9714299030502984e-05,806058.633248904,15.887925896027792,3.248447273803545
2.0,6.0,290.0,0.26366508987303583,1e-06,84.58702280105504,3.320566865051862e-05,633848.8269692207,5.585142932631501,2.207791073992378
2.0,6.0,290.0,0.33598182862837817,1e-06,33.737771390793824,5.000496015365838e-05,541290.4029325714,2.1022706799493203,1.536764155172972
2.0,6.0,290.0,0.42813323987193935,1e-06,15.756132017082876,6.484264810651148e-05,481034.43088895176,0.7156704261931762,1.0092944976114446
2.0,6.0,290.0,0.5455594781168519,1e-06,6.260006505046343,7.36684886117973e-05,442326.2124538409,0.20712062436624962,0.6827442926747423
2.0,6.0,290.0,0.6951927961775606,1e-06,2.82048541098056,9.619185248582541e-05,423162.2795097223,0.06285383181462256,0.5190728273088385
2.0,6.0,290.0,0.8858667904100825,1e-06,1.3028076581959231,0.00012298134328322553,412847.70501523576,0.020166529252134007,0.4352074230810244
2.0,6.0,290.0,1.1288378916846888,1e-06,0.5601970191216497,0.00012613704118476053,407100.7983234716,0.007535133492076303,0.39505138860632394
2.0,6.0,290.0,1.438449888287663,1e-06,0.26936009489909163,0.0001304708831181436,404500.79019838024,0.0035210777627390573,0.3762345131646275
2.0,6.0,290.0,1.8329807108324356,1e-06,0.17736666629121373,0.00014007168206816697,404010.0019401724,0.0032070518934994986,0.3760583485582917
2.0,6.0,290.0,2.3357214690901213,1e-06,0.090386940725691,0.00014293210882008458,403064.8548674232,0.0023852791092860244,0.36570072169513373
2.0,6.0,290.0,2.9763514416313175,1e-06,0.0702095053435937,0.0001412675060813916,403317.23777903675,0.003171884765487733,0.3715765047055556
2.0,6.0,290.0,3.79269019073225,1e-06,0.09326079805935322,0.0001317470701775016,403684.1836236155,0.003170792611553338,0.3808082682198265
2.0,6.0,290.0,4.832930238571752,1e-06,0.051623997307957546,0.0001332166919459802,403012.32340808207,0.0025170221453793724,0.3638639962253567
2.0,6.0,290.0,6.158482110660261,1e-06,0.031228994107196678,0.00013075077653533837,403074.80220694037,0.0028663483872193823,0.3546541772744829
2.0,6.0,290.0,7.847599703514611,1e-06,0.025703887467281493,0.0001320954889561499,402920.628106022,0.012033966154037467,0.3501206371675947
2.0,6.0,290.0,10.0,1e-06,0.3613827691872579,0.0001300083459075815,402843.0711142139,0.34880940126913473,0.34778605347978264
